[{"model": "admin.logentry", "pk": 1, "fields": {"action_time": "2021-11-09T06:17:54.481Z", "user": 1, "content_type": 7, "object_id": "1", "object_repr": "Толстовки", "action_flag": 1, "change_message": "[{\"added\": {}}]"}}, {"model": "admin.logentry", "pk": 2, "fields": {"action_time": "2021-11-09T06:18:16.248Z", "user": 1, "content_type": 7, "object_id": "2", "object_repr": "Футболки", "action_flag": 1, "change_message": "[{\"added\": {}}]"}}, {"model": "admin.logentry", "pk": 3, "fields": {"action_time": "2021-11-09T06:18:53.260Z", "user": 1, "content_type": 7, "object_id": "2", "object_repr": "Футболки", "action_flag": 2, "change_message": "[]"}}, {"model": "admin.logentry", "pk": 4, "fields": {"action_time": "2021-11-09T06:19:02.356Z", "user": 1, "content_type": 7, "object_id": "3", "object_repr": "Куртки", "action_flag": 1, "change_message": "[{\"added\": {}}]"}}, {"model": "admin.logentry", "pk": 5, "fields": {"action_time": "2021-11-09T06:19:50.080Z", "user": 1, "content_type": 7, "object_id": "4", "object_repr": "Джоггеры", "action_flag": 1, "change_message": "[{\"added\": {}}]"}}, {"model": "admin.logentry", "pk": 6, "fields": {"action_time": "2021-11-09T06:25:54.138Z", "user": 1, "content_type": 8, "object_id": "1", "object_repr": "Lacoste", "action_flag": 1, "change_message": "[{\"added\": {}}]"}}, {"model": "admin.logentry", "pk": 7, "fields": {"action_time": "2021-11-09T06:27:44.547Z", "user": 1, "content_type": 8, "object_id": "2", "object_repr": "Napapijri", "action_flag": 1, "change_message": "[{\"added\": {}}]"}}, {"model": "admin.logentry", "pk": 8, "fields": {"action_time": "2021-11-09T06:28:47.230Z", "user": 1, "content_type": 8, "object_id": "3", "object_repr": "Tommy Jeans", "action_flag": 1, "change_message": "[{\"added\": {}}]"}}, {"model": "admin.logentry", "pk": 9, "fields": {"action_time": "2021-11-09T06:29:49.931Z", "user": 1, "content_type": 8, "object_id": "4", "object_repr": "Etudes", "action_flag": 1, "change_message": "[{\"added\": {}}]"}}, {"model": "admin.logentry", "pk": 10, "fields": {"action_time": "2021-11-09T06:30:45.604Z", "user": 1, "content_type": 8, "object_id": "5", "object_repr": "The North Face", "action_flag": 1, "change_message": "[{\"added\": {}}]"}}, {"model": "admin.logentry", "pk": 11, "fields": {"action_time": "2021-11-09T06:32:17.228Z", "user": 1, "content_type": 8, "object_id": "6", "object_repr": "New Balance", "action_flag": 1, "change_message": "[{\"added\": {}}]"}}, {"model": "admin.logentry", "pk": 12, "fields": {"action_time": "2021-11-09T06:33:32.302Z", "user": 1, "content_type": 8, "object_id": "7", "object_repr": "adidas Originals", "action_flag": 1, "change_message": "[{\"added\": {}}]"}}, {"model": "admin.logentry", "pk": 13, "fields": {"action_time": "2021-11-09T06:35:44.839Z", "user": 1, "content_type": 8, "object_id": "8", "object_repr": "adidas Originals", "action_flag": 1, "change_message": "[{\"added\": {}}]"}}, {"model": "admin.logentry", "pk": 14, "fields": {"action_time": "2021-11-09T06:35:58.721Z", "user": 1, "content_type": 8, "object_id": "7", "object_repr": "adidas Originals", "action_flag": 2, "change_message": "[{\"changed\": {\"fields\": [\"Price\"]}}]"}}, {"model": "admin.logentry", "pk": 15, "fields": {"action_time": "2021-11-09T06:37:26.422Z", "user": 1, "content_type": 8, "object_id": "9", "object_repr": "Fred Perry", "action_flag": 1, "change_message": "[{\"added\": {}}]"}}, {"model": "admin.logentry", "pk": 16, "fields": {"action_time": "2021-11-09T06:38:59.871Z", "user": 1, "content_type": 8, "object_id": "10", "object_repr": "Polo Ralph Lauren", "action_flag": 1, "change_message": "[{\"added\": {}}]"}}, {"model": "admin.logentry", "pk": 17, "fields": {"action_time": "2021-11-09T07:52:10.503Z", "user": 1, "content_type": 8, "object_id": "11", "object_repr": "ASSID", "action_flag": 1, "change_message": "[{\"added\": {}}]"}}, {"model": "admin.logentry", "pk": 18, "fields": {"action_time": "2021-11-09T07:52:57.688Z", "user": 1, "content_type": 8, "object_id": "12", "object_repr": "ASSID", "action_flag": 1, "change_message": "[{\"added\": {}}]"}}, {"model": "admin.logentry", "pk": 19, "fields": {"action_time": "2021-11-09T07:54:08.848Z", "user": 1, "content_type": 8, "object_id": "13", "object_repr": "Rick Owens DRKSHDW", "action_flag": 1, "change_message": "[{\"added\": {}}]"}}, {"model": "admin.logentry", "pk": 20, "fields": {"action_time": "2021-11-09T07:54:56.969Z", "user": 1, "content_type": 8, "object_id": "14", "object_repr": "Champion Reverse Weave", "action_flag": 1, "change_message": "[{\"added\": {}}]"}}, {"model": "admin.logentry", "pk": 21, "fields": {"action_time": "2021-11-09T07:55:39.758Z", "user": 1, "content_type": 8, "object_id": "15", "object_repr": "Chinatown Market", "action_flag": 1, "change_message": "[{\"added\": {}}]"}}, {"model": "admin.logentry", "pk": 22, "fields": {"action_time": "2021-11-09T07:56:35.467Z", "user": 1, "content_type": 8, "object_id": "16", "object_repr": "Marcelo Burlon", "action_flag": 1, "change_message": "[{\"added\": {}}]"}}, {"model": "admin.logentry", "pk": 23, "fields": {"action_time": "2021-11-09T07:57:26.778Z", "user": 1, "content_type": 8, "object_id": "17", "object_repr": "Bronze 56K", "action_flag": 1, "change_message": "[{\"added\": {}}]"}}, {"model": "admin.logentry", "pk": 24, "fields": {"action_time": "2021-11-09T07:59:15.723Z", "user": 1, "content_type": 8, "object_id": "18", "object_repr": "maharishi", "action_flag": 1, "change_message": "[{\"added\": {}}]"}}, {"model": "admin.logentry", "pk": 25, "fields": {"action_time": "2021-11-09T08:00:53.151Z", "user": 1, "content_type": 8, "object_id": "19", "object_repr": "MKI Miyuki-Zoku", "action_flag": 1, "change_message": "[{\"added\": {}}]"}}, {"model": "admin.logentry", "pk": 26, "fields": {"action_time": "2021-11-09T08:14:16.909Z", "user": 1, "content_type": 8, "object_id": "12", "object_repr": "ASSID", "action_flag": 2, "change_message": "[{\"changed\": {\"fields\": [\"Picked\"]}}]"}}, {"model": "admin.logentry", "pk": 27, "fields": {"action_time": "2021-11-09T08:14:16.917Z", "user": 1, "content_type": 8, "object_id": "14", "object_repr": "Champion Reverse Weave", "action_flag": 2, "change_message": "[{\"changed\": {\"fields\": [\"Picked\"]}}]"}}, {"model": "admin.logentry", "pk": 28, "fields": {"action_time": "2021-11-09T08:14:16.927Z", "user": 1, "content_type": 8, "object_id": "15", "object_repr": "Chinatown Market", "action_flag": 2, "change_message": "[{\"changed\": {\"fields\": [\"Picked\"]}}]"}}, {"model": "admin.logentry", "pk": 29, "fields": {"action_time": "2021-11-09T08:14:16.937Z", "user": 1, "content_type": 8, "object_id": "4", "object_repr": "Etudes", "action_flag": 2, "change_message": "[{\"changed\": {\"fields\": [\"Picked\"]}}]"}}, {"model": "admin.logentry", "pk": 30, "fields": {"action_time": "2021-11-09T08:14:16.947Z", "user": 1, "content_type": 8, "object_id": "9", "object_repr": "Fred Perry", "action_flag": 2, "change_message": "[{\"changed\": {\"fields\": [\"Picked\"]}}]"}}, {"model": "admin.logentry", "pk": 31, "fields": {"action_time": "2021-11-09T08:14:16.957Z", "user": 1, "content_type": 8, "object_id": "1", "object_repr": "Lacoste", "action_flag": 2, "change_message": "[{\"changed\": {\"fields\": [\"Picked\"]}}]"}}, {"model": "admin.logentry", "pk": 32, "fields": {"action_time": "2021-11-10T21:46:09.557Z", "user": 1, "content_type": 8, "object_id": "15", "object_repr": "Chinatown Market", "action_flag": 2, "change_message": "[{\"changed\": {\"fields\": [\"Picked\"]}}]"}}, {"model": "admin.logentry", "pk": 33, "fields": {"action_time": "2021-11-10T21:46:09.567Z", "user": 1, "content_type": 8, "object_id": "4", "object_repr": "Etudes", "action_flag": 2, "change_message": "[{\"changed\": {\"fields\": [\"Picked\"]}}]"}}, {"model": "admin.logentry", "pk": 34, "fields": {"action_time": "2021-11-10T21:46:09.577Z", "user": 1, "content_type": 8, "object_id": "9", "object_repr": "Fred Perry", "action_flag": 2, "change_message": "[{\"changed\": {\"fields\": [\"Picked\"]}}]"}}, {"model": "admin.logentry", "pk": 35, "fields": {"action_time": "2021-11-10T21:46:09.587Z", "user": 1, "content_type": 8, "object_id": "1", "object_repr": "Lacoste", "action_flag": 2, "change_message": "[{\"changed\": {\"fields\": [\"Picked\"]}}]"}}, {"model": "auth.user", "pk": 1, "fields": {"password": "pbkdf2_sha256$260000$iidan6Kaz9ASPwo1163KZX$ZPStEWJRb0Fg/EaBMXdHcbzFep/EGV6Cs+VWgHA4/r0=", "last_login": "2021-11-10T22:28:50.278Z", "is_superuser": true, "username": "LimeOnTop", "first_name": "", "last_name": "", "email": "k.cheglov1945@mail.ru", "is_staff": true, "is_active": true, "date_joined": "2021-11-09T06:15:35.032Z", "groups": [], "user_permissions": []}}, {"model": "auth.user", "pk": 2, "fields": {"password": "pbkdf2_sha256$260000$OjGPemSSxhguSb73LxenKT$A2R5s7FHk+uhZ93AwiitC4sAA0s+FMmwyY1FzFrfwsA=", "last_login": "2021-11-10T21:35:00.432Z", "is_superuser": false, "username": "user_1", "first_name": "", "last_name": "", "email": "user_1@mail.ru", "is_staff": false, "is_active": true, "date_joined": "2021-11-10T20:05:22.958Z", "groups": [], "user_permissions": []}}, {"model": "auth.user", "pk": 3, "fields": {"password": "pbkdf2_sha256$260000$lHHOdloIQRACJhae67Wxyr$TV/FE2OdBLXEnLp9dH6raH/E3TiZV0TjKR7woAzbiiY=", "last_login": null, "is_superuser": false, "username": "user_2", "first_name": "", "last_name": "", "email": "user_2@mail.ru", "is_staff": false, "is_active": true, "date_joined": "2021-11-10T20:58:33.150Z", "groups": [], "user_permissions": []}}, {"model": "auth.user", "pk": 4, "fields": {"password": "pbkdf2_sha256$260000$ac74XZgtpByQKhQIHNse0D$B8xM4Zd5RLGUqapyY51TOELcZxDNkDsemwpEoChGQIA=", "last_login": null, "is_superuser": false, "username": "user_3", "first_name": "", "last_name": "", "email": "user_3@mail.ru", "is_staff": false, "is_active": true, "date_joined": "2021-11-10T21:09:36.643Z", "groups": [], "user_permissions": []}}, {"model": "auth.user", "pk": 5, "fields": {"password": "pbkdf2_sha256$260000$1rGJknBO118o6nr8b8L8A6$/dRwWcFrsmBTmPdWzy2fZqosUh1fLwT64c5LbinDpjg=", "last_login": "2021-11-10T21:51:28.171Z", "is_superuser": false, "username": "user_4", "first_name": "", "last_name": "", "email": "user_4@mail.ru", "is_staff": false, "is_active": true, "date_joined": "2021-11-10T21:51:28.002Z", "groups": [], "user_permissions": []}}, {"model": "sessions.session", "pk": "b9msyv5mk8dbidwdz0jf58nfgaso3pvd", "fields": {"session_data": ".eJxVjDsOwjAQBe_iGlmxE3-Wkj5nsHbtNQ4gR4qTCnF3EikFtG9m3lsE3NYStsZLmJK4CiUuvxthfHI9QHpgvc8yznVdJpKHIk_a5Dgnft1O9--gYCt7DWQ1ozcQVYfMGoBYqz4y5SFbjgRGGZUdEXpPZid-yNyD6Wxyjkl8vgFbOKI:1mkw5K:9YsmCGclo5AOXhZoWNlmOw61v0lZVBqMT8US_H4eTKw", "expire_date": "2021-11-24T22:28:50.284Z"}}, {"model": "main.clothes", "pk": 1, "fields": {"title": "Lacoste", "description": "Мужская толстовка x Peanuts Organic Cotton Crew", "photo_1": "images/Lacoste.jpg", "photo_2": "images/Lacoste_close_front.jpg", "photo_3": "images/Lacoste_close_back.jpg", "price": 17690, "sale": 10, "picked": false, "slug": "lacoste", "cat": 1}}, {"model": "main.clothes", "pk": 2, "fields": {"title": "Napapijri", "description": "Мужская толстовка Roen Hoodie", "photo_1": "images/Napapijri.jpg", "photo_2": "images/Napapijri_close_front.jpg", "photo_3": "images/Napapijri_view_front.jpg", "price": 8690, "sale": 10, "picked": false, "slug": "napapijri", "cat": 1}}, {"model": "main.clothes", "pk": 3, "fields": {"title": "Tommy Jeans", "description": "Мужская толстовка ABO Collegiate Crew Neck", "photo_1": "images/Tommy.jpg", "photo_2": "images/Tommy_close_front.jpg", "photo_3": "images/Tommy_view_front.jpg", "price": 9790, "sale": 0, "picked": false, "slug": "tommy-jeans", "cat": 1}}, {"model": "main.clothes", "pk": 4, "fields": {"title": "Etudes", "description": "Мужская толстовка Essentials Story Etudes", "photo_1": "images/Etudes.jpg", "photo_2": "images/Etudes_close_front.jpg", "photo_3": "images/Etudes_view_front.jpg", "price": 13490, "sale": 0, "picked": false, "slug": "etudes", "cat": 1}}, {"model": "main.clothes", "pk": 5, "fields": {"title": "The North Face", "description": "Мужская толстовка Seasonal Drew Peak Hoodie", "photo_1": "images/TNF.jpg", "photo_2": "images/TNF_close_front.jpg", "photo_3": "images/TNF_view_front.jpg", "price": 7090, "sale": 0, "picked": false, "slug": "the-north-face", "cat": 1}}, {"model": "main.clothes", "pk": 6, "fields": {"title": "New Balance", "description": "Мужская толстовка Athletics Higher Learning Hoodie", "photo_1": "images/NB.jpg", "photo_2": "images/NB_close_front.jpg", "photo_3": "images/NB_view_front.jpg", "price": 7790, "sale": 0, "picked": false, "slug": "new-balance", "cat": 1}}, {"model": "main.clothes", "pk": 7, "fields": {"title": "adidas Originals", "description": "Мужская толстовка All Over Print Logo Play Hoodie", "photo_1": "images/Adidas_1.jpg", "photo_2": "images/Adidas_1_close_front.jpg", "photo_3": "images/Adidas_1_view_front.jpg", "price": 7790, "sale": 50, "picked": false, "slug": "adidas-originals", "cat": 1}}, {"model": "main.clothes", "pk": 8, "fields": {"title": "adidas Originals", "description": "Мужская толстовка All Over Print Logo Play Hoodie", "photo_1": "images/Adidas_2.jpg", "photo_2": "images/Adidas_2_close_front.jpg", "photo_3": "images/Adidas_2_view_front.jpg", "price": 7790, "sale": 50, "picked": false, "slug": "adidas-originals-2", "cat": 1}}, {"model": "main.clothes", "pk": 9, "fields": {"title": "Fred Perry", "description": "Мужская толстовка x Raf Simons Printed Patch Zip Through Hoodie", "photo_1": "images/Perry.jpg", "photo_2": "images/Perry_close_front.jpg", "photo_3": "images/Perry_view_front.jpg", "price": 28990, "sale": 50, "picked": false, "slug": "fred-perry", "cat": 1}}, {"model": "main.clothes", "pk": 10, "fields": {"title": "Polo Ralph Lauren", "description": "Мужская толстовка Multicolor Logo Hoodie", "photo_1": "images/Polo.jpg", "photo_2": "images/Polo_close_front.jpg", "photo_3": "images/Polo_view_front.jpg", "price": 15890, "sale": 30, "picked": false, "slug": "polo-ralph-lauren", "cat": 1}}, {"model": "main.clothes", "pk": 11, "fields": {"title": "ASSID", "description": "Мужская толстовка Satanic Rock Music Embroidered Hoodie", "photo_1": "images/ASSID-2.jpg", "photo_2": "images/ASSID-2_close_front.jpg", "photo_3": "images/ASSID-2_view_front.jpg", "price": 19690, "sale": 60, "picked": false, "slug": "assid-2", "cat": 1}}, {"model": "main.clothes", "pk": 12, "fields": {"title": "ASSID", "description": "Мужская толстовка Chevy Crew Neck", "photo_1": "images/ASSID.jpg", "photo_2": "images/ASSID_close_front.jpg", "photo_3": "images/ASSID_view_front.jpg", "price": 9690, "sale": 60, "picked": true, "slug": "assid", "cat": 1}}, {"model": "main.clothes", "pk": 13, "fields": {"title": "Rick Owens DRKSHDW", "description": "Мужская толстовка Phlegethon Pullover Hoodie", "photo_1": "images/Rick_Owens_DRKSHDW.jpg", "photo_2": "images/Rick_Owens_DRKSHDW_close_front.jpg", "photo_3": "images/Rick_Owens_DRKSHDW_view_front.jpg", "price": 21190, "sale": 60, "picked": false, "slug": "rick-owens-drkshdw", "cat": 1}}, {"model": "main.clothes", "pk": 14, "fields": {"title": "Champion Reverse Weave", "description": "Мужская толстовка New York Yankees Crew Neck", "photo_1": "images/Champion_Reverse_Weave.jpg", "photo_2": "images/Champion_Reverse_Weave_close_front.jpg", "photo_3": "images/Champion_Reverse_Weave_view_front.jpg", "price": 9190, "sale": 50, "picked": true, "slug": "champion-reverse-weave", "cat": 1}}, {"model": "main.clothes", "pk": 15, "fields": {"title": "Chinatown Market", "description": "Мужская толстовка x Grateful Dead Border Bandana Hoodie", "photo_1": "images/Chinatown_Market.jpg", "photo_2": "images/Chinatown_Market_close_front.jpg", "photo_3": "images/Chinatown_Market_view_front.jpg", "price": 13990, "sale": 50, "picked": false, "slug": "chinatown-market", "cat": 1}}, {"model": "main.clothes", "pk": 16, "fields": {"title": "Marcelo Burlon", "description": "Мужская толстовка Grizzly Wings Regular Crewneck", "photo_1": "images/Marcelo_Burlon.jpg", "photo_2": "images/Marcelo_Burlon_close_front.jpg", "photo_3": "images/Marcelo_Burlon_view_front.jpg", "price": 29490, "sale": 60, "picked": false, "slug": "marcelo-burlon", "cat": 1}}, {"model": "main.clothes", "pk": 17, "fields": {"title": "Bronze 56K", "description": "Мужская толстовка LZRD Hoody", "photo_1": "images/Bronze_56K.jpg", "photo_2": "images/Bronze_56K_close_front.jpg", "photo_3": "images/Bronze_56K_view_front.jpg", "price": 10690, "sale": 50, "picked": false, "slug": "bronze-56k", "cat": 1}}, {"model": "main.clothes", "pk": 18, "fields": {"title": "maharishi", "description": "Мужская толстовка Organic Crew Military Type Embroidery", "photo_1": "images/maharishi.jpg", "photo_2": "images/maharishi_close_front.jpg", "photo_3": "images/maharishi_view_front.jpg", "price": 12890, "sale": 60, "picked": false, "slug": "maharishi", "cat": 1}}, {"model": "main.clothes", "pk": 19, "fields": {"title": "MKI Miyuki-Zoku", "description": "Мужская толстовка Studio Box Hoody", "photo_1": "images/MKI_Miyuki-Zoku.jpg", "photo_2": "images/MKI_Miyuki-Zoku_close_front.jpg", "photo_3": "images/MKI_Miyuki-Zoku_view_front.jpg", "price": 6690, "sale": 50, "picked": false, "slug": "mki-miyuki-zoku", "cat": 1}}, {"model": "main.categories", "pk": 1, "fields": {"name": "Толстовки", "slug": "Sweatshirts"}}, {"model": "main.categories", "pk": 2, "fields": {"name": "Футболки", "slug": "T-shirts"}}, {"model": "main.categories", "pk": 3, "fields": {"name": "Куртки", "slug": "Jackets"}}, {"model": "main.categories", "pk": 4, "fields": {"name": "Джоггеры", "slug": "Joggers"}}]